id,firstname,email
785,Cecile,Cecile.@yopmail.com
786,Caressa,Caressa.@yopmail.com
787,Nessie,Nessie.@yopmail.com
788,Hermione,Hermione.@yopmail.com
789,Inga,Inga.@yopmail.com
790,Katharina,Katharina.@yopmail.com
791,Cacilie,Cacilie.@yopmail.com
792,Pierette,Pierette.@yopmail.com
793,Thalia,Thalia.@yopmail.com
794,Di,Di.@yopmail.com
795,Lanae,Lanae.@yopmail.com
796,Mamie,Mamie.@yopmail.com
797,Rhea,Rhea.@yopmail.com
798,Pollyanna,Pollyanna.@yopmail.com
799,Eadie,Eadie.@yopmail.com
800,Amelia,Amelia.@yopmail.com
801,Philis,Philis.@yopmail.com
802,Candi,Candi.@yopmail.com
803,Bertine,Bertine.@yopmail.com
804,Glenda,Glenda.@yopmail.com
805,Cristine,Cristine.@yopmail.com
806,Doro,Doro.@yopmail.com
807,Gisela,Gisela.@yopmail.com
808,Silvana,Silvana.@yopmail.com
809,Merle,Merle.@yopmail.com
810,Adriana,Adriana.@yopmail.com
811,Anthia,Anthia.@yopmail.com
812,Latisha,Latisha.@yopmail.com
813,Merrie,Merrie.@yopmail.com
814,Leona,Leona.@yopmail.com
815,Marsiella,Marsiella.@yopmail.com
816,Mady,Mady.@yopmail.com
817,Amelia,Amelia.@yopmail.com
818,Ethel,Ethel.@yopmail.com
819,Jaclyn,Jaclyn.@yopmail.com
820,Donetta,Donetta.@yopmail.com
821,Imojean,Imojean.@yopmail.com
822,Ulrike,Ulrike.@yopmail.com
823,Fanchon,Fanchon.@yopmail.com
824,Gerrie,Gerrie.@yopmail.com
825,Theodora,Theodora.@yopmail.com
826,Merrie,Merrie.@yopmail.com
827,Fidelia,Fidelia.@yopmail.com
828,Hayley,Hayley.@yopmail.com
829,Mignon,Mignon.@yopmail.com
830,Evita,Evita.@yopmail.com
831,Hallie,Hallie.@yopmail.com
832,Modestia,Modestia.@yopmail.com
833,Lynnea,Lynnea.@yopmail.com
834,Nerta,Nerta.@yopmail.com
835,Almeta,Almeta.@yopmail.com
836,Kelly,Kelly.@yopmail.com
837,Jsandye,Jsandye.@yopmail.com
838,Anthia,Anthia.@yopmail.com
839,Meriel,Meriel.@yopmail.com
840,Babita,Babita.@yopmail.com
841,Ronna,Ronna.@yopmail.com
842,Pierette,Pierette.@yopmail.com
843,Romona,Romona.@yopmail.com
844,Christy,Christy.@yopmail.com
845,Albertina,Albertina.@yopmail.com
846,Brianna,Brianna.@yopmail.com
847,Jenilee,Jenilee.@yopmail.com
848,Jan,Jan.@yopmail.com
849,Korrie,Korrie.@yopmail.com
850,Lita,Lita.@yopmail.com
851,Fayre,Fayre.@yopmail.com
852,Anica,Anica.@yopmail.com
853,Sheelagh,Sheelagh.@yopmail.com
854,Marnia,Marnia.@yopmail.com
855,Joane,Joane.@yopmail.com
856,Donnie,Donnie.@yopmail.com
857,Roseline,Roseline.@yopmail.com
858,Elise,Elise.@yopmail.com
859,Dania,Dania.@yopmail.com
860,Jackie,Jackie.@yopmail.com
861,Di,Di.@yopmail.com
862,Ilse,Ilse.@yopmail.com
863,Jennica,Jennica.@yopmail.com
864,Jsandye,Jsandye.@yopmail.com
865,Max,Max.@yopmail.com
866,Lenna,Lenna.@yopmail.com
867,Valli,Valli.@yopmail.com
868,Jere,Jere.@yopmail.com
869,Millie,Millie.@yopmail.com
870,Elfreda,Elfreda.@yopmail.com
871,Sidoney,Sidoney.@yopmail.com
872,Florencia,Florencia.@yopmail.com
873,Flory,Flory.@yopmail.com
874,Daryl,Daryl.@yopmail.com
875,Emma,Emma.@yopmail.com
876,Roz,Roz.@yopmail.com
877,Corry,Corry.@yopmail.com
878,Cathyleen,Cathyleen.@yopmail.com
879,Dione,Dione.@yopmail.com
880,Fayre,Fayre.@yopmail.com
881,Taffy,Taffy.@yopmail.com
882,Lisette,Lisette.@yopmail.com
883,Fina,Fina.@yopmail.com
884,Nickie,Nickie.@yopmail.com
885,Tabbatha,Tabbatha.@yopmail.com
886,Annora,Annora.@yopmail.com
887,Roxane,Roxane.@yopmail.com
888,Kittie,Kittie.@yopmail.com
889,Joelly,Joelly.@yopmail.com
890,Deedee,Deedee.@yopmail.com
891,Aurore,Aurore.@yopmail.com
892,Viviene,Viviene.@yopmail.com
893,Juliane,Juliane.@yopmail.com
894,Renie,Renie.@yopmail.com
895,Ruthe,Ruthe.@yopmail.com
896,Nelle,Nelle.@yopmail.com
897,Collen,Collen.@yopmail.com
898,Di,Di.@yopmail.com
899,Merrie,Merrie.@yopmail.com
900,Marika,Marika.@yopmail.com
901,Cam,Cam.@yopmail.com
902,Adore,Adore.@yopmail.com
903,Annaliese,Annaliese.@yopmail.com
904,Evaleen,Evaleen.@yopmail.com
905,Viviene,Viviene.@yopmail.com
906,Meg,Meg.@yopmail.com
907,Marnia,Marnia.@yopmail.com
908,Florencia,Florencia.@yopmail.com
909,Jackie,Jackie.@yopmail.com
910,Arlina,Arlina.@yopmail.com
911,Aurelie,Aurelie.@yopmail.com
912,Jorry,Jorry.@yopmail.com
913,Ingrid,Ingrid.@yopmail.com
914,Alameda,Alameda.@yopmail.com
915,Wilma,Wilma.@yopmail.com
916,Jordan,Jordan.@yopmail.com
917,Brena,Brena.@yopmail.com
918,Kittie,Kittie.@yopmail.com
919,Malina,Malina.@yopmail.com
920,Sherrie,Sherrie.@yopmail.com